"Time (s)","Latitude (°)","Longitude (°)","Height (m)","Velocity (m/s)","Direction (°)","Horizontal Accuracy (m)","Vertical Accuracy (m)"
0.000000000E0,6.503317000E1,2.544598000E1,9.323491114E0,NaN,NaN,1.584599972E1,1.000000000E0
2.042231900E-1,6.503315310E1,2.544605710E1,9.323504678E0,NaN,NaN,1.663800049E1,1.000000000E0
4.745917811E0,6.503313612E1,2.544602781E1,5.102118840E1,3.519999981E0,2.345000000E2,6.957901955E0,2.071257782E1
5.775098488E0,6.503315707E1,2.544600681E1,4.541467182E1,0.000000000E0,NaN,1.173362446E1,1.620220184E1
6.005625050E0,6.503314109E1,2.544605566E1,1.619916739E1,0.000000000E0,NaN,1.577797890E1,1.789043045E1
7.001576925E0,6.503313204E1,2.544605450E1,1.482301124E1,0.000000000E0,NaN,1.682716942E1,1.697031403E1
8.003911820E0,6.503311651E1,2.544605095E1,1.555421831E1,0.000000000E0,NaN,1.634708214E1,1.536459732E1
9.003613643E0,6.503311133E1,2.544603864E1,1.497414117E1,0.000000000E0,NaN,1.510348797E1,1.340198898E1
1.000344958E1,6.503310380E1,2.544602818E1,1.408193135E1,0.000000000E0,NaN,1.370275402E1,1.177136326E1
1.100688588E1,6.503309820E1,2.544599877E1,1.482955062E1,0.000000000E0,NaN,1.332640934E1,1.102080631E1
1.200706942E1,6.503309534E1,2.544600635E1,1.383620526E1,0.000000000E0,NaN,1.215502453E1,1.014074039E1
1.300816380E1,6.503309267E1,2.544601110E1,1.315487130E1,0.000000000E0,NaN,1.074443626E1,9.165525436E0
1.400864505E1,6.503308868E1,2.544600988E1,1.417599095E1,0.000000000E0,NaN,1.067405224E1,9.013804436E0
1.500722968E1,6.503308621E1,2.544600672E1,1.398696579E1,0.000000000E0,NaN,9.699455261E0,8.101096153E0
1.600965374E1,6.503308732E1,2.544598989E1,1.510280858E1,0.000000000E0,NaN,9.118092537E0,7.534967422E0
1.700802781E1,6.503308306E1,2.544597314E1,1.640804563E1,0.000000000E0,NaN,8.608231544E0,7.308098316E0
1.800760880E1,6.503308097E1,2.544596846E1,1.746383218E1,0.000000000E0,NaN,8.335224152E0,6.995417595E0
1.900780598E1,6.503308168E1,2.544597356E1,1.654482600E1,0.000000000E0,NaN,7.909305096E0,6.709685802E0
2.000771869E1,6.503308392E1,2.544597257E1,1.552645344E1,0.000000000E0,NaN,8.063113213E0,6.774782181E0
2.100825583E1,6.503308312E1,2.544597398E1,1.493337527E1,0.000000000E0,NaN,7.832377434E0,6.501963615E0
2.200091806E1,6.503308310E1,2.544597751E1,1.473958897E1,0.000000000E0,NaN,7.922633171E0,6.409968376E0
2.300858129E1,6.503308388E1,2.544598842E1,1.357332985E1,0.000000000E0,NaN,6.357988834E0,6.096273422E0
2.401140541E1,6.503308063E1,2.544598313E1,1.319076232E1,0.000000000E0,NaN,5.711490631E0,5.588140965E0
2.500792577E1,6.503307634E1,2.544596381E1,1.372781068E1,0.000000000E0,NaN,5.601386070E0,5.487556934E0
2.600773322E1,6.503307878E1,2.544596324E1,1.350954793E1,0.000000000E0,NaN,5.450903416E0,5.097743511E0
2.701079551E1,6.503307772E1,2.544596383E1,1.303060554E1,0.000000000E0,NaN,5.474672794E0,4.912952900E0
2.800792869E1,6.503307805E1,2.544597037E1,1.299667043E1,0.000000000E0,NaN,5.710669041E0,4.830735683E0
2.900871181E1,6.503307634E1,2.544597375E1,1.296938870E1,0.000000000E0,NaN,6.104259968E0,4.890367508E0
3.001091577E1,6.503307635E1,2.544597200E1,1.300936657E1,0.000000000E0,NaN,6.871343136E0,4.936683178E0
3.100774817E1,6.503307612E1,2.544597189E1,1.301278462E1,0.000000000E0,NaN,8.148372650E0,5.016312599E0
3.200722816E1,6.503307577E1,2.544597288E1,1.308218182E1,0.000000000E0,NaN,9.187057495E0,4.937927723E0
3.300764837E1,6.503307575E1,2.544597160E1,1.312765291E1,0.000000000E0,NaN,1.052609444E1,4.940563679E0
3.400726410E1,6.503307553E1,2.544597250E1,1.314437671E1,0.000000000E0,NaN,1.280885315E1,5.227427006E0
3.500721952E1,6.503307507E1,2.544597425E1,1.312454062E1,0.000000000E0,NaN,1.572544956E1,5.674524784E0
3.600725415E1,6.503307438E1,2.544597368E1,1.305325178E1,0.000000000E0,NaN,1.740105057E1,5.607388020E0
3.700983895E1,6.503307353E1,2.544597391E1,1.321188252E1,0.000000000E0,NaN,1.618450928E1,5.449984074E0
3.800471233E1,6.503307367E1,2.544597270E1,1.300784182E1,0.000000000E0,NaN,1.638715363E1,5.150727272E0
3.900756415E1,6.503307337E1,2.544597114E1,1.295559571E1,0.000000000E0,NaN,1.708635139E1,5.097428322E0
4.000943858E1,6.503307296E1,2.544597010E1,1.288113290E1,0.000000000E0,NaN,1.773100853E1,4.959518909E0
4.100983249E1,6.503307311E1,2.544597341E1,1.294106965E1,0.000000000E0,NaN,1.562841129E1,4.855542660E0
4.200801759E1,6.503308147E1,2.544598891E1,1.344149492E1,0.000000000E0,NaN,6.201103687E0,4.721021175E0
4.300824587E1,6.503308009E1,2.544598999E1,1.318520895E1,0.000000000E0,NaN,6.811817646E0,4.766324997E0
4.400990066E1,6.503308138E1,2.544598915E1,1.344247154E1,0.000000000E0,NaN,8.015072823E0,4.988102913E0
4.500640972E1,6.503308128E1,2.544598856E1,1.337948325E1,0.000000000E0,NaN,9.546694756E0,5.173287392E0
4.601158108E1,6.503308165E1,2.544598545E1,1.355276163E1,0.000000000E0,NaN,1.121804905E1,5.325084686E0
4.700783941E1,6.503308225E1,2.544598342E1,1.357882322E1,0.000000000E0,NaN,1.322834587E1,5.457525253E0
4.800909394E1,6.503308178E1,2.544598446E1,1.351113552E1,0.000000000E0,NaN,1.544970989E1,5.573281288E0
4.900904832E1,6.503308109E1,2.544598648E1,1.349935619E1,0.000000000E0,NaN,1.601653099E1,5.748291016E0
5.000877555E1,6.503307973E1,2.544598712E1,1.338223032E1,0.000000000E0,NaN,1.775199127E1,5.810957909E0
5.100912477E1,6.503308022E1,2.544598442E1,1.324581631E1,0.000000000E0,NaN,1.946092224E1,5.777051449E0
5.200990670E1,6.503307846E1,2.544598608E1,1.299941824E1,0.000000000E0,NaN,2.160528946E1,5.861566544E0
5.300924587E1,6.503307936E1,2.544599056E1,1.310238458E1,0.000000000E0,NaN,1.870018005E1,5.780966282E0
5.400287045E1,6.503307937E1,2.544598968E1,1.296023362E1,0.000000000E0,NaN,2.011107063E1,5.829982281E0
5.500618654E1,6.503308025E1,2.544598812E1,1.304195920E1,0.000000000E0,NaN,2.195196724E1,5.958067417E0
5.600924758E1,6.503308089E1,2.544598790E1,1.308956635E1,0.000000000E0,NaN,2.396715736E1,6.076684952E0
5.700862014E1,6.503308163E1,2.544598698E1,1.320675347E1,0.000000000E0,NaN,2.673431396E1,6.409032345E0
5.800399352E1,6.503308142E1,2.544598724E1,1.308950505E1,0.000000000E0,NaN,2.923682976E1,6.616119385E0
5.900688154E1,6.503308277E1,2.544598546E1,1.321023189E1,0.000000000E0,NaN,3.168253517E1,6.885920525E0
6.000689128E1,6.503308255E1,2.544598526E1,1.317959231E1,0.000000000E0,NaN,3.412531662E1,7.005714893E0
6.100719315E1,6.503308172E1,2.544598498E1,1.302328158E1,0.000000000E0,NaN,2.819503784E1,6.911383152E0
6.200631623E1,6.503309107E1,2.544600349E1,1.341689520E1,0.000000000E0,NaN,1.192626381E1,6.679101944E0
6.300358008E1,6.503309234E1,2.544600148E1,1.337301023E1,0.000000000E0,NaN,1.208336544E1,6.452723026E0
6.400667305E1,6.503309166E1,2.544600239E1,1.319405551E1,0.000000000E0,NaN,1.240382004E1,6.268461227E0
6.500569831E1,6.503309032E1,2.544600281E1,1.295662932E1,0.000000000E0,NaN,1.290596294E1,6.369346142E0
6.600626737E1,6.503309013E1,2.544600280E1,1.291561377E1,0.000000000E0,NaN,1.360630608E1,6.477233887E0
6.700628570E1,6.503308983E1,2.544600288E1,1.290505482E1,0.000000000E0,NaN,1.447903633E1,6.652399540E0
6.800629565E1,6.503308963E1,2.544600390E1,1.286049932E1,0.000000000E0,NaN,1.548413086E1,6.942682266E0
6.900658367E1,6.503308936E1,2.544600402E1,1.291524798E1,0.000000000E0,NaN,1.716467857E1,7.207003117E0
7.000348836E1,6.503308814E1,2.544600385E1,1.327883488E1,0.000000000E0,NaN,1.966825867E1,7.446101665E0
7.100520628E1,6.503308818E1,2.544600350E1,1.324367858E1,0.000000000E0,NaN,2.194057846E1,7.585013866E0
7.200595805E1,6.503308801E1,2.544600342E1,1.336745794E1,0.000000000E0,NaN,2.204236412E1,7.095049381E0
7.300425049E1,6.503308801E1,2.544600337E1,1.332332952E1,0.000000000E0,NaN,2.228251839E1,6.630221367E0
7.400785393E1,6.503308741E1,2.544600332E1,1.349337370E1,0.000000000E0,NaN,2.280211639E1,6.249519825E0
7.500617851E1,6.503308757E1,2.544600370E1,1.356606654E1,0.000000000E0,NaN,2.351259613E1,6.042605877E0
7.600755606E1,6.503308770E1,2.544600380E1,1.356344198E1,0.000000000E0,NaN,2.441880417E1,5.831408501E0
7.700487242E1,6.503308777E1,2.544600377E1,1.359646197E1,0.000000000E0,NaN,2.454993248E1,5.709184170E0
7.800548450E1,6.503308756E1,2.544600360E1,1.359218958E1,0.000000000E0,NaN,2.614104271E1,5.702686787E0
7.900721070E1,6.503308761E1,2.544600323E1,1.361867878E1,0.000000000E0,NaN,2.688184166E1,5.699675560E0
8.000582060E1,6.503308769E1,2.544600157E1,1.352242616E1,0.000000000E0,NaN,2.884542465E1,5.929727077E0
8.100599445E1,6.503308763E1,2.544600147E1,1.350625186E1,0.000000000E0,NaN,3.160103989E1,6.148282528E0
8.200658549E1,6.503309416E1,2.544601309E1,1.381405057E1,0.000000000E0,NaN,3.407802200E1,6.396936893E0
8.300758221E1,6.503309277E1,2.544601279E1,1.412069172E1,0.000000000E0,NaN,1.223157024E1,6.745851040E0
8.400521106E1,6.503309261E1,2.544601368E1,1.417562351E1,0.000000000E0,NaN,1.295764732E1,7.434614658E0
8.500296768E1,6.503309268E1,2.544601390E1,1.416091403E1,0.000000000E0,NaN,1.396191216E1,8.192988396E0
8.599983825E1,6.503309279E1,2.544601195E1,1.408773266E1,0.000000000E0,NaN,1.457411194E1,8.279980659E0
8.700382799E1,6.503309265E1,2.544601150E1,1.405208814E1,0.000000000E0,NaN,1.519666767E1,8.222471237E0
8.800404945E1,6.503309168E1,2.544601231E1,1.434133421E1,0.000000000E0,NaN,1.564766407E1,8.062384605E0
8.900518768E1,6.503309139E1,2.544601325E1,1.428988177E1,0.000000000E0,NaN,1.631624413E1,7.933322430E0
9.000460424E1,6.503309130E1,2.544601312E1,1.428811177E1,0.000000000E0,NaN,1.778793907E1,7.844507217E0
9.100167299E1,6.503309180E1,2.544601186E1,1.412887074E1,0.000000000E0,NaN,1.882730484E1,7.922124386E0
9.200731189E1,6.503309180E1,2.544601186E1,1.412887074E1,0.000000000E0,NaN,2.080158424E1,8.028569221E0
9.300684705E1,6.503309127E1,2.544601272E1,1.409163958E1,0.000000000E0,NaN,2.297945023E1,8.469734192E0
9.400460684E1,6.503309126E1,2.544601272E1,1.409530170E1,0.000000000E0,NaN,2.615668488E1,8.925132751E0
9.500124278E1,6.503309126E1,2.544601272E1,1.409530170E1,0.000000000E0,NaN,2.962212563E1,9.368980408E0
9.600279757E1,6.503309066E1,2.544601362E1,1.402962819E1,0.000000000E0,NaN,3.185090637E1,9.555769920E0
9.700505252E1,6.503309066E1,2.544601362E1,1.402962819E1,0.000000000E0,NaN,3.481682205E1,9.742051125E0
9.800542564E1,6.503309070E1,2.544601390E1,1.398592702E1,0.000000000E0,NaN,3.788497925E1,1.011603165E1
9.900507033E1,6.503309088E1,2.544601387E1,1.395400556E1,0.000000000E0,NaN,3.938378143E1,1.007582378E1
1.000038925E2,6.503309177E1,2.544601241E1,1.401345332E1,0.000000000E0,NaN,4.062676620E1,1.036188126E1
1.010046091E2,6.503309275E1,2.544601088E1,1.406362369E1,0.000000000E0,NaN,4.255810928E1,1.056791115E1
1.020017444E2,6.503309275E1,2.544601088E1,1.406362369E1,0.000000000E0,NaN,4.577993393E1,1.077780724E1
1.030041196E2,6.503309251E1,2.544601184E1,1.405178305E1,0.000000000E0,NaN,4.707186890E1,1.069334412E1
1.040037219E2,6.503309251E1,2.544601184E1,1.405178305E1,0.000000000E0,NaN,4.938043976E1,1.066362000E1
1.050054302E2,6.503309075E1,2.544599621E1,1.393801285E1,0.000000000E0,NaN,1.611170959E1,1.082626057E1
1.060027301E2,6.503309075E1,2.544599621E1,1.393801285E1,0.000000000E0,NaN,1.809542847E1,1.144850731E1
1.070033352E2,6.503309075E1,2.544599621E1,1.393801285E1,0.000000000E0,NaN,2.163733482E1,1.271923542E1
1.080025133E2,6.503309075E1,2.544599621E1,1.393801285E1,0.000000000E0,NaN,2.909403801E1,1.575030231E1
1.090037861E2,6.503307519E1,2.544562225E1,1.494762965E1,1.049999952E0,2.503999939E2,4.000831223E1,1.899862862E1
1.359987442E2,6.503309994E1,2.544583123E1,5.491217276E0,5.400000215E-1,2.770000000E2,2.173012161E1,1.634743690E1
1.369976288E2,6.503316797E1,2.544568186E1,4.337124136E0,4.199999869E-1,2.705000000E2,1.240157795E1,1.070738506E1
1.380062085E2,6.503317176E1,2.544566105E1,2.214562188E0,8.700000048E-1,2.897999878E2,9.461272240E0,8.607477188E0
1.390053860E2,6.503316521E1,2.544563310E1,2.487755703E0,5.299999714E-1,2.905000000E2,7.685278416E0,7.284054756E0
1.400021028E2,6.503317788E1,2.544557946E1,4.121351853E0,3.300000131E-1,2.972000122E2,5.527206421E0,5.544680595E0
1.409972689E2,6.503318180E1,2.544551151E1,4.480536180E0,7.799999714E-1,2.685000000E2,4.608942509E0,4.555428505E0
1.420049282E2,6.503318780E1,2.544543780E1,5.590207447E0,1.320000052E0,2.767999878E2,3.943382025E0,3.727794886E0
1.430024996E2,6.503318133E1,2.544535248E1,7.018058952E0,1.889999986E0,2.541999969E2,3.790092468E0,3.210861206E0
1.440018769E2,6.503318420E1,2.544529055E1,8.171677824E0,1.029999971E0,2.546999969E2,3.790092468E0,3.238947630E0
1.449956031E2,6.503317690E1,2.544524546E1,8.350082530E0,1.289999962E0,2.546000061E2,3.790092468E0,3.193869829E0
1.460032224E2,6.503317964E1,2.544523199E1,7.753095380E0,4.600000083E-1,2.545000000E2,3.790092468E0,2.972730398E0
1.470047673E2,6.503318131E1,2.544522074E1,7.122112273E0,3.799999952E-1,2.543000031E2,3.790092468E0,2.555796146E0
1.480086111E2,6.503318078E1,2.544521123E1,7.793315259E0,2.199999988E-1,2.540000000E2,3.790092468E0,2.610398769E0
1.489980292E2,6.503318195E1,2.544519964E1,8.149148728E0,3.400000036E-1,2.541999969E2,3.790092468E0,2.500000000E0
1.500050013E2,6.503318606E1,2.544518344E1,9.226660299E0,7.400000095E-1,2.541999969E2,3.790092468E0,2.500000000E0
1.510008622E2,6.503319170E1,2.544516493E1,9.871859042E0,7.799999714E-1,2.541999969E2,3.790092468E0,2.500000000E0
1.520093078E2,6.503319782E1,2.544515003E1,9.554655567E0,6.200000048E-1,2.543000031E2,3.790092468E0,2.500000000E0
1.529958912E2,6.503320865E1,2.544513137E1,9.112877119E0,1.559999943E0,3.363999939E2,3.790092468E0,2.500000000E0
1.539981379E2,6.503322266E1,2.544510969E1,8.636429160E0,1.600000024E0,3.373999939E2,3.790092468E0,2.500000000E0
1.550005862E2,6.503323532E1,2.544508846E1,9.355965669E0,1.289999962E0,3.362000122E2,3.790092468E0,2.500000000E0
1.560030661E2,6.503324520E1,2.544507364E1,9.384524853E0,8.299999833E-1,3.361000061E2,3.790092468E0,2.500000000E0
1.570091772E2,6.503325472E1,2.544506479E1,9.544066154E0,1.019999981E0,3.362000122E2,3.790092468E0,2.500000000E0
1.580029340E2,6.503326507E1,2.544505955E1,9.346734883E0,1.029999971E0,3.362999878E2,3.790092468E0,2.500000000E0
1.589943197E2,6.503327629E1,2.544505106E1,9.109424948E0,1.090000033E0,3.362999878E2,3.790092468E0,2.500000000E0
1.600032346E2,6.503328843E1,2.544503786E1,9.687788056E0,1.129999995E0,3.362999878E2,3.790092468E0,2.500000000E0
1.610106086E2,6.503330055E1,2.544502602E1,9.143165453E0,1.190000057E0,3.417000122E2,3.790092468E0,2.500000000E0
1.620010544E2,6.503331133E1,2.544501603E1,8.431978608E0,9.300000072E-1,3.362000122E2,3.790092468E0,2.500000000E0
1.630001541E2,6.503332443E1,2.544500698E1,8.461696678E0,1.590000033E0,3.441000061E2,3.790092468E0,2.500000000E0
1.640130259E2,6.503333858E1,2.544499571E1,8.380757393E0,1.490000010E0,3.406000061E2,3.790092468E0,2.500000000E0
1.650104992E2,6.503335172E1,2.544498196E1,8.044325128E0,1.470000029E0,3.386000061E2,3.790092468E0,2.500000000E0
1.660096985E2,6.503336375E1,2.544496870E1,7.791267375E0,1.330000043E0,3.367000122E2,3.790092468E0,2.500000000E0
1.670120941E2,6.503337479E1,2.544495604E1,7.464174428E0,1.360000014E0,3.371000061E2,3.790092468E0,2.500000000E0
1.680103477E2,6.503338561E1,2.544494406E1,7.088375573E0,1.299999952E0,3.387000122E2,3.790092468E0,2.500000000E0
1.690101076E2,6.503339723E1,2.544493275E1,6.635977336E0,1.450000048E0,3.397000122E2,3.790092468E0,2.500000000E0
1.700101054E2,6.503340886E1,2.544492057E1,6.604843666E0,1.470000029E0,3.387999878E2,3.790092468E0,2.500000000E0
1.710100029E2,6.503342029E1,2.544490928E1,6.151163769E0,1.340000033E0,3.402999878E2,3.790092468E0,2.500000000E0
1.720098709E2,6.503343147E1,2.544489737E1,6.167454619E0,1.440000057E0,3.397000122E2,3.790092468E0,2.500000000E0
1.730073729E2,6.503344285E1,2.544488678E1,5.888396385E0,1.370000005E0,3.418999939E2,3.790092468E0,2.500000000E0
1.739991535E2,6.503345359E1,2.544487590E1,5.751977541E0,1.269999981E0,3.412000122E2,3.790092468E0,2.500000000E0
1.749992038E2,6.503346545E1,2.544486317E1,6.166217264E0,1.549999952E0,3.395000000E2,3.790092468E0,2.500000000E0
1.759997851E2,6.503347689E1,2.544485207E1,5.627149195E0,1.210000038E0,3.376000061E2,3.790092468E0,2.500000000E0
1.769944011E2,6.503348770E1,2.544483984E1,5.111030496E0,1.450000048E0,3.362999878E2,3.790092468E0,2.500000000E0
1.780061303E2,6.503350000E1,2.544482726E1,5.046632360E0,1.549999952E0,3.381000061E2,3.790092468E0,2.500000000E0
1.789996944E2,6.503351258E1,2.544481486E1,4.519221432E0,1.470000029E0,3.373999939E2,3.790092468E0,2.500000000E0
1.800052530E2,6.503352551E1,2.544480285E1,4.148243504E0,1.529999971E0,3.402999878E2,3.790092468E0,2.500000000E0
1.810060520E2,6.503353805E1,2.544479063E1,3.475324795E0,1.480000019E0,3.386000061E2,3.790092468E0,2.500000000E0
1.820071402E2,6.503355011E1,2.544477847E1,2.925575229E0,1.480000019E0,3.377000122E2,3.790092468E0,2.500000000E0
1.830115459E2,6.503356178E1,2.544476719E1,2.781160369E0,1.419999957E0,3.391000061E2,3.790092468E0,2.500000000E0
1.840119631E2,6.503357304E1,2.544475711E1,2.539211601E0,1.429999948E0,3.410000000E2,3.790092468E0,2.500000000E0
1.850116332E2,6.503358456E1,2.544474672E1,2.358358892E0,1.389999986E0,3.405000000E2,3.790092468E0,2.500000000E0
1.859955616E2,6.503359606E1,2.544473481E1,2.164505568E0,1.500000000E0,3.377000122E2,3.790092468E0,2.500000000E0
1.870036792E2,6.503360823E1,2.544472158E1,1.778330081E0,1.539999962E0,3.361000061E2,3.790092468E0,2.500000000E0
1.880084789E2,6.503361941E1,2.544470867E1,1.252262440E0,1.299999952E0,3.362000122E2,3.790092468E0,2.500000000E0
1.890000575E2,6.503362958E1,2.544469779E1,5.945425526E-1,1.169999957E0,3.401000061E2,3.790092468E0,2.500000000E0
1.899947622E2,6.503363898E1,2.544468812E1,2.447454443E-1,1.139999986E0,3.401000061E2,3.790092468E0,2.500000000E0
1.910048452E2,6.503364961E1,2.544467641E1,3.739515678E-1,1.580000043E0,3.366000061E2,3.790092468E0,2.500000000E0
1.920061349E2,6.503366075E1,2.544466260E1,3.172175335E-2,1.399999976E0,3.346000061E2,3.790092468E0,2.500000000E0
1.929978273E2,6.503367179E1,2.544464888E1,-1.992409234E-1,1.490000010E0,3.342999878E2,3.790092468E0,2.500000000E0
1.940069247E2,6.503368313E1,2.544463463E1,-2.024815997E-1,1.460000038E0,3.347999878E2,3.790092468E0,2.500000000E0
1.950060732E2,6.503369433E1,2.544462258E1,-3.223602087E-1,1.389999986E0,3.365000000E2,3.790092468E0,2.500000000E0
1.959974431E2,6.503370238E1,2.544461339E1,-6.761240191E-1,8.399999738E-1,3.365000000E2,3.790092468E0,2.500000000E0
1.970029945E2,6.503371022E1,2.544460380E1,-7.569385621E-1,1.139999986E0,3.365000000E2,3.790092468E0,2.500000000E0
1.980081997E2,6.503372157E1,2.544459113E1,-2.706771501E-1,1.679999948E0,3.397000122E2,3.790092468E0,2.500000000E0
1.989995179E2,6.503373429E1,2.544457813E1,-2.245342663E-2,1.399999976E0,3.385000000E2,3.790092468E0,2.500000000E0
1.999952405E2,6.503374775E1,2.544456431E1,1.042489308E-1,1.629999995E0,3.386000061E2,3.790092468E0,2.500000000E0
2.009992402E2,6.503376143E1,2.544454950E1,1.497743539E-1,1.409999967E0,3.380000000E2,3.790092468E0,2.500000000E0
2.020031622E2,6.503377474E1,2.544453608E1,2.208127438E-1,1.490000010E0,3.392000122E2,3.790092468E0,2.500000000E0
2.030082080E2,6.503378836E1,2.544452299E1,5.466728157E-1,1.480000019E0,3.392000122E2,3.790092468E0,2.500000000E0
2.039969561E2,6.503380096E1,2.544450927E1,7.472891000E-1,1.370000005E0,3.377000122E2,3.790092468E0,2.500000000E0
2.049978896E2,6.503381357E1,2.544449609E1,1.026945955E0,1.490000010E0,3.371000061E2,3.790092468E0,2.500000000E0
2.059984830E2,6.503382671E1,2.544448272E1,9.890366628E-1,1.500000000E0,3.375000000E2,3.790092468E0,2.500000000E0
2.070014149E2,6.503384005E1,2.544447058E1,1.309953083E0,1.450000048E0,3.401000061E2,3.790092468E0,2.500000000E0
2.079969874E2,6.503385241E1,2.544445968E1,1.041697642E0,1.360000014E0,3.382999878E2,3.790092468E0,2.500000000E0
2.090034523E2,6.503386414E1,2.544444832E1,1.090703156E0,1.360000014E0,3.372000122E2,3.790092468E0,2.500000000E0
2.100091401E2,6.503387660E1,2.544443500E1,1.079649608E0,1.559999943E0,3.360000000E2,3.790092468E0,2.500000000E0
2.110106220E2,6.503388974E1,2.544442234E1,1.359062155E0,1.450000048E0,3.382000122E2,3.790092468E0,2.500000000E0
2.120130085E2,6.503390273E1,2.544440986E1,1.340684250E0,1.529999971E0,3.400000000E2,3.790092468E0,2.500000000E0
2.130141644E2,6.503391544E1,2.544439911E1,1.123759248E0,1.350000024E0,3.397999878E2,3.790092468E0,2.500000000E0
2.139967437E2,6.503392814E1,2.544438810E1,1.166538816E0,1.509999990E0,3.382000122E2,3.790092468E0,2.500000000E0
2.150017470E2,6.503394113E1,2.544437674E1,9.008465569E-1,1.480000019E0,3.378999939E2,3.790092468E0,2.500000000E0
2.160048070E2,6.503395378E1,2.544436554E1,8.124615770E-1,1.389999986E0,3.371000061E2,3.790092468E0,2.500000000E0
2.170055830E2,6.503396615E1,2.544435545E1,7.494063979E-1,1.399999976E0,3.381000061E2,3.790092468E0,2.500000000E0
2.180034924E2,6.503397970E1,2.544434482E1,9.242047008E-1,1.590000033E0,3.385000000E2,3.790092468E0,2.500000000E0
2.190039981E2,6.503399335E1,2.544433264E1,1.061466204E0,1.460000038E0,3.387999878E2,3.790092468E0,2.500000000E0
2.200109124E2,6.503400596E1,2.544432236E1,9.273049542E-1,1.389999986E0,3.390000000E2,3.790092468E0,2.500000000E0
2.210072280E2,6.503401929E1,2.544431024E1,1.130057314E0,1.620000005E0,3.368999939E2,3.790092468E0,2.500000000E0
2.219959046E2,6.503403322E1,2.544429809E1,1.236618023E0,1.500000000E0,3.362000122E2,3.790092468E0,2.500000000E0
2.230048808E2,6.503404640E1,2.544428635E1,1.040871941E0,1.419999957E0,3.373999939E2,3.790092468E0,2.500000000E0
2.240097050E2,6.503405973E1,2.544427578E1,1.171602953E0,1.519999981E0,3.393999939E2,3.790092468E0,2.500000000E0
2.250026309E2,6.503407345E1,2.544426591E1,1.198146859E0,1.500000000E0,3.405000000E2,3.790092468E0,2.500000000E0
2.259994781E2,6.503408753E1,2.544425608E1,1.123982616E0,1.539999962E0,3.407999878E2,3.790092468E0,2.500000000E0
2.270028236E2,6.503410118E1,2.544424576E1,1.292677388E0,1.509999990E0,3.397000122E2,3.790092468E0,2.500000000E0
2.279957026E2,6.503411349E1,2.544423593E1,1.432503113E0,1.299999952E0,3.403999939E2,3.790092468E0,2.500000000E0
2.290011260E2,6.503412572E1,2.544422669E1,1.394045231E0,1.580000043E0,3.396000061E2,3.790092468E0,2.500000000E0
2.300094327E2,6.503413897E1,2.544421621E1,1.705867591E0,1.519999981E0,3.400000000E2,3.790092468E0,2.500000000E0
2.309952985E2,6.503415157E1,2.544420567E1,1.937428975E0,1.480000019E0,3.402999878E2,3.790092468E0,2.500000000E0
2.320096300E2,6.503416378E1,2.544419493E1,2.075179463E0,1.470000029E0,3.398999939E2,3.790092468E0,2.500000000E0
2.329995574E2,6.503417671E1,2.544418488E1,2.070290563E0,1.539999962E0,3.408999939E2,3.790092468E0,2.500000000E0
2.339967587E2,6.503418993E1,2.544417240E1,2.543733849E0,1.500000000E0,3.381000061E2,3.790092468E0,2.500000000E0
2.350013551E2,6.503420331E1,2.544415764E1,3.265406848E0,1.659999967E0,3.366000061E2,3.790092468E0,2.500000000E0
2.359949143E2,6.503421639E1,2.544414386E1,3.798481421E0,1.360000014E0,3.363999939E2,3.790092468E0,2.500000000E0
2.370004008E2,6.503422899E1,2.544413120E1,3.817762342E0,1.539999962E0,3.378999939E2,3.790092468E0,2.500000000E0
2.380075302E2,6.503424195E1,2.544411947E1,4.373298083E0,1.409999967E0,3.417000122E2,3.790092468E0,2.500000000E0
2.390071441E2,6.503425528E1,2.544410915E1,4.785340149E0,1.539999962E0,3.426000061E2,3.790092468E0,2.500000000E0
2.399984850E2,6.503426942E1,2.544409762E1,4.620965766E0,1.559999943E0,3.407999878E2,3.790092468E0,2.500000000E0
2.410062788E2,6.503428378E1,2.544408420E1,5.359301087E0,1.620000005E0,3.443999939E2,3.790092468E0,2.500000000E0
2.419960347E2,6.503429705E1,2.544407018E1,5.372172924E0,1.409999967E0,3.385000000E2,3.790092468E0,2.500000000E0
2.430100159E2,6.503430979E1,2.544405773E1,5.804722849E0,1.480000019E0,3.386000061E2,3.790092468E0,2.500000000E0
2.440026623E2,6.503432363E1,2.544404491E1,6.105680501E0,1.509999990E0,3.368999939E2,3.790092468E0,2.500000000E0
2.450037578E2,6.503433704E1,2.544403185E1,6.319358031E0,1.519999981E0,3.387999878E2,3.790092468E0,2.500000000E0
2.459996569E2,6.503434940E1,2.544401844E1,6.506424623E0,1.409999967E0,3.397000122E2,3.790092468E0,2.500000000E0
2.470078933E2,6.503436199E1,2.544400572E1,6.368295871E0,1.460000038E0,3.396000061E2,3.790092468E0,2.500000000E0
2.480078519E2,6.503437419E1,2.544399147E1,5.876712550E0,1.389999986E0,3.383999939E2,3.790092468E0,2.500000000E0
2.490011656E2,6.503438616E1,2.544397484E1,5.650815143E0,1.600000024E0,3.370000000E2,3.790092468E0,2.500000000E0
2.500010065E2,6.503439842E1,2.544395843E1,5.835440100E0,1.500000000E0,3.366000061E2,3.790092468E0,2.500000000E0
2.509977323E2,6.503441026E1,2.544394218E1,5.811996392E0,1.519999981E0,3.367000122E2,3.790092468E0,2.500000000E0
2.520072919E2,6.503442204E1,2.544392763E1,5.707559207E0,1.379999995E0,3.377999878E2,3.790092468E0,2.500000000E0
2.529949352E2,6.503443344E1,2.544391429E1,5.915927458E0,1.429999948E0,3.378999939E2,3.790092468E0,2.500000000E0
2.540081052E2,6.503444536E1,2.544390017E1,5.851041036E0,1.500000000E0,3.375000000E2,3.790092468E0,2.500000000E0
2.550003916E2,6.503445655E1,2.544387984E1,5.831198298E0,1.669999957E0,3.372999878E2,3.790092468E0,2.500000000E0
2.559988243E2,6.503446876E1,2.544386125E1,5.477431965E0,1.590000033E0,3.393999939E2,3.790092468E0,2.500000000E0
2.569945280E2,6.503448111E1,2.544384627E1,5.479378788E0,1.519999981E0,3.307000122E2,3.790092468E0,2.500000000E0
2.580091674E2,6.503449418E1,2.544383562E1,5.470766627E0,1.539999962E0,3.436000061E2,3.790092468E0,2.500000000E0
2.589975694E2,6.503450662E1,2.544382666E1,5.236019616E0,1.389999986E0,3.365000000E2,3.790092468E0,2.500000000E0
2.600084371E2,6.503451838E1,2.544381668E1,4.891897787E0,1.379999995E0,3.365000000E2,3.790092468E0,2.500000000E0
2.610116502E2,6.503453018E1,2.544380694E1,4.745835045E0,1.389999986E0,3.380000000E2,3.790092468E0,2.500000000E0
2.619997751E2,6.503454230E1,2.544379896E1,4.587748406E0,1.450000048E0,3.421000061E2,3.790092468E0,2.500000000E0
2.630096557E2,6.503455509E1,2.544379067E1,5.006626802E0,1.529999971E0,3.395000000E2,3.790092468E0,2.500000000E0
2.640100552E2,6.503456839E1,2.544378236E1,5.015470811E0,1.649999976E0,3.407999878E2,3.790092468E0,2.500000000E0
2.649942508E2,6.503458164E1,2.544377338E1,5.197959800E0,1.610000014E0,3.388999939E2,3.790092468E0,2.500000000E0
2.659972651E2,6.503459413E1,2.544376363E1,5.159623829E0,1.480000019E0,3.382000122E2,3.790092468E0,2.500000000E0
2.670065242E2,6.503460590E1,2.544375349E1,5.115184598E0,1.440000057E0,3.378999939E2,3.790092468E0,2.500000000E0
2.680072968E2,6.503461797E1,2.544374260E1,4.931585022E0,1.509999990E0,3.376000061E2,3.790092468E0,2.500000000E0
2.690278002E2,6.503462943E1,2.544373275E1,5.058471624E0,1.259999990E0,3.381000061E2,3.790092468E0,2.500000000E0
2.700129792E2,6.503464080E1,2.544372261E1,4.944513510E0,1.470000029E0,3.385000000E2,3.790092468E0,2.500000000E0
2.709945695E2,6.503465357E1,2.544371192E1,4.981250584E0,1.519999981E0,3.397000122E2,3.790092468E0,2.500000000E0
2.719997182E2,6.503466733E1,2.544370179E1,5.178387700E0,1.659999967E0,3.412999878E2,3.790092468E0,2.500000000E0
2.730024182E2,6.503468060E1,2.544369316E1,5.318884523E0,1.389999986E0,3.417000122E2,3.790092468E0,2.500000000E0
2.739986720E2,6.503469299E1,2.544368355E1,5.333221944E0,1.500000000E0,3.390000000E2,3.790092468E0,2.500000000E0
2.750066655E2,6.503470558E1,2.544367178E1,5.136682626E0,1.480000019E0,3.361000061E2,3.790092468E0,2.500000000E0
2.759975862E2,6.503471836E1,2.544365817E1,5.097552734E0,1.549999952E0,3.351000061E2,3.790092468E0,2.500000000E0
2.770035040E2,6.503473166E1,2.544364379E1,5.174328325E0,1.580000043E0,3.358999939E2,3.790092468E0,2.500000000E0
2.779974939E2,6.503474505E1,2.544362863E1,5.099370412E0,1.509999990E0,3.358999939E2,3.790092468E0,2.500000000E0
2.790034171E2,6.503475857E1,2.544361296E1,5.299436815E0,1.620000005E0,3.352000122E2,3.790092468E0,2.500000000E0
2.799952197E2,6.503477209E1,2.544359877E1,5.332755303E0,1.519999981E0,3.372000122E2,3.790092468E0,2.500000000E0
2.810062854E2,6.503478530E1,2.544358594E1,5.594650697E0,1.559999943E0,3.376000061E2,3.790092468E0,2.500000000E0
2.820130896E2,6.503479773E1,2.544357474E1,5.766458660E0,1.419999957E0,3.380000000E2,3.790092468E0,2.500000000E0
2.830103067E2,6.503481103E1,2.544356292E1,6.279818952E0,1.769999981E0,3.378999939E2,3.790092468E0,2.500000000E0
2.840106686E2,6.503482416E1,2.544355105E1,6.356777940E0,1.399999976E0,3.382999878E2,3.790092468E0,2.500000000E0
2.850103359E2,6.503483562E1,2.544354123E1,6.810874014E0,1.269999981E0,3.407999878E2,3.790092468E0,2.500000000E0
2.860098187E2,6.503484779E1,2.544353066E1,6.756852059E0,1.539999962E0,3.402000122E2,3.790092468E0,2.500000000E0
2.870079018E2,6.503486128E1,2.544351892E1,6.973154175E0,1.570000052E0,3.398999939E2,3.790092468E0,2.500000000E0
2.880125870E2,6.503487452E1,2.544350685E1,7.050662417E0,1.490000010E0,3.392000122E2,3.790092468E0,2.500000000E0
2.890093660E2,6.503488803E1,2.544349410E1,7.329220293E0,1.529999971E0,3.381000061E2,3.790092468E0,2.500000000E0
2.900105063E2,6.503490091E1,2.544348131E1,7.336355079E0,1.389999986E0,3.371000061E2,3.790092468E0,2.500000000E0
2.910118628E2,6.503491473E1,2.544346770E1,7.231978183E0,1.590000033E0,3.395000000E2,3.790092468E0,2.500000000E0
2.920100885E2,6.503492812E1,2.544345466E1,7.245460397E0,1.470000029E0,3.385000000E2,3.790092468E0,2.500000000E0
2.930104685E2,6.503494075E1,2.544344272E1,7.007295066E0,1.419999957E0,3.376000061E2,3.790092468E0,2.500000000E0
2.940745621E2,6.503495378E1,2.544343084E1,6.636927430E0,1.600000024E0,3.383999939E2,3.790092468E0,2.500000000E0
2.949957428E2,6.503496660E1,2.544342186E1,6.183003011E0,1.350000024E0,3.426000061E2,3.790092468E0,2.500000000E0
2.960043569E2,6.503497881E1,2.544341566E1,5.735243637E0,1.389999986E0,3.490000000E2,3.790092468E0,2.500000000E0
2.970089921E2,6.503499090E1,2.544341260E1,5.403329320E0,1.269999981E0,3.541000061E2,3.790092468E0,2.500000000E0
2.979980484E2,6.503500337E1,2.544341042E1,5.318973522E0,1.350000024E0,3.537000122E2,3.790092468E0,2.500000000E0
2.989985937E2,6.503501563E1,2.544340804E1,5.160765252E0,1.149999976E0,3.527999878E2,3.790092468E0,2.500000000E0
3.000110099E2,6.503502732E1,2.544340393E1,4.760125416E0,1.139999986E0,3.495000000E2,3.790092468E0,2.500000000E0
3.010108198E2,6.503503823E1,2.544339888E1,4.410755339E0,9.700000286E-1,3.525000000E2,3.790092468E0,2.500000000E0
3.020116133E2,6.503504771E1,2.544339281E1,4.711532231E0,8.999999762E-1,3.422999878E2,3.790092468E0,2.500000000E0
3.030099163E2,6.503505652E1,2.544338665E1,4.740886044E0,7.599999905E-1,3.423999939E2,3.790092468E0,2.500000000E0
3.040108815E2,6.503506512E1,2.544337768E1,4.578711368E0,9.399999976E-1,3.421000061E2,3.790092468E0,2.500000000E0
3.050115395E2,6.503507480E1,2.544336570E1,4.376924171E0,1.029999971E0,3.421000061E2,3.790092468E0,2.500000000E0
3.060108944E2,6.503508452E1,2.544335035E1,4.046779721E0,1.090000033E0,3.421000061E2,3.790092468E0,2.500000000E0
3.070100959E2,6.503508993E1,2.544334025E1,3.556725367E0,2.099999934E-1,3.421000061E2,3.790092468E0,2.500000000E0
3.080092734E2,6.503509548E1,2.544333001E1,3.395040085E0,5.799999833E-1,3.421000061E2,3.790092468E0,2.500000000E0
3.090102405E2,6.503510271E1,2.544331094E1,2.448441224E0,7.699999809E-1,3.421000061E2,3.790092468E0,2.500000000E0
3.099964012E2,6.503511068E1,2.544328900E1,2.107737803E0,6.899999976E-1,3.421000061E2,3.790092468E0,2.500000000E0
3.110079827E2,6.503511985E1,2.544325265E1,2.336734751E0,1.870000005E0,2.881000061E2,3.790092468E0,2.500000000E0
3.120026458E2,6.503512718E1,2.544320604E1,2.921566477E0,1.809999943E0,2.822000122E2,3.790092468E0,2.500000000E0
3.129982817E2,6.503513165E1,2.544316526E1,2.719656714E0,1.440000057E0,2.758999939E2,3.790092468E0,2.500000000E0
3.140020372E2,6.503513352E1,2.544312691E1,2.583788255E0,1.690000057E0,2.647999878E2,3.790092468E0,2.500000000E0
3.150091946E2,6.503513283E1,2.544309019E1,2.182418043E0,1.460000038E0,2.568999939E2,3.790092468E0,2.500000000E0
3.160034538E2,6.503513088E1,2.544305936E1,1.760846231E0,1.299999952E0,2.573999939E2,3.790092468E0,2.500000000E0
3.169981748E2,6.503512781E1,2.544302834E1,1.702739208E0,1.620000005E0,2.513000031E2,3.790092468E0,2.500000000E0
3.180003793E2,6.503512491E1,2.544299663E1,1.929177954E0,1.330000043E0,2.553000031E2,3.790092468E0,2.500000000E0
3.189973229E2,6.503512209E1,2.544296342E1,2.104774247E0,1.659999967E0,2.538000031E2,3.790092468E0,2.500000000E0
3.200107261E2,6.503511896E1,2.544292933E1,2.125219219E0,1.409999967E0,2.508999939E2,3.790092468E0,2.500000000E0
3.209930786E2,6.503511509E1,2.544289627E1,1.949924836E0,1.610000014E0,2.488000031E2,3.790092468E0,2.500000000E0
3.220103661E2,6.503510965E1,2.544286335E1,1.992892817E0,1.600000024E0,2.461000061E2,3.790092468E0,2.500000000E0
3.230072904E2,6.503510417E1,2.544283283E1,1.822360053E0,1.490000010E0,2.470000000E2,3.790092468E0,2.500000000E0
3.240114143E2,6.503509946E1,2.544280388E1,1.686922335E0,1.399999976E0,2.498000031E2,3.790092468E0,2.500000000E0
3.249930084E2,6.503509482E1,2.544277517E1,1.842195060E0,1.440000057E0,2.513000031E2,3.790092468E0,2.500000000E0
3.259977671E2,6.503508957E1,2.544274503E1,2.252472785E0,1.529999971E0,2.493999939E2,3.790092468E0,2.500000000E0
3.270039753E2,6.503508380E1,2.544271431E1,2.471100278E0,1.539999962E0,2.483000031E2,3.790092468E0,2.500000000E0
3.280061691E2,6.503507833E1,2.544268395E1,2.572540182E0,1.539999962E0,2.483999939E2,3.790092468E0,2.500000000E0
3.289951691E2,6.503507270E1,2.544265237E1,2.744353576E0,1.559999943E0,2.505000000E2,3.790092468E0,2.500000000E0
3.299960920E2,6.503506843E1,2.544262292E1,3.009062122E0,1.340000033E0,2.636000061E2,3.790092468E0,2.500000000E0
3.309952426E2,6.503506707E1,2.544259939E1,3.285488778E0,9.599999785E-1,2.640000000E2,3.790092468E0,2.500000000E0
3.319981994E2,6.503507548E1,2.544257531E1,2.978110178E0,2.029999971E0,3.320000000E2,3.790092468E0,2.500000000E0
3.329980487E2,6.503508844E1,2.544255677E1,2.940993914E0,1.279999971E0,3.320000000E2,3.790092468E0,2.500000000E0
3.340079939E2,6.503510150E1,2.544254910E1,2.872994798E0,1.409999967E0,3.432000122E2,3.790092468E0,2.500000000E0
3.349937935E2,6.503511558E1,2.544254052E1,2.922060619E0,1.600000024E0,3.417000122E2,3.790092468E0,2.500000000E0
3.359999067E2,6.503512912E1,2.544252983E1,2.702388674E0,1.519999981E0,3.402999878E2,3.790092468E0,2.500000000E0
3.369944643E2,6.503514293E1,2.544251732E1,2.860890285E0,1.620000005E0,3.382000122E2,3.790092468E0,2.500000000E0
3.380082257E2,6.503515671E1,2.544250512E1,3.004133146E0,1.549999952E0,3.386000061E2,3.790092468E0,2.500000000E0
3.390025020E2,6.503517043E1,2.544249150E1,2.806799732E0,1.620000005E0,3.367000122E2,3.790092468E0,2.500000000E0
3.400011764E2,6.503518261E1,2.544248030E1,2.711823112E0,1.309999943E0,3.378999939E2,3.790092468E0,2.500000000E0
3.409956748E2,6.503519552E1,2.544246971E1,2.774316957E0,1.690000057E0,3.381000061E2,3.790092468E0,2.500000000E0
3.419974304E2,6.503520962E1,2.544245738E1,2.618975692E0,1.669999957E0,3.383999939E2,3.790092468E0,2.500000000E0
3.430113663E2,6.503522331E1,2.544244545E1,3.020946640E0,1.580000043E0,3.376000061E2,3.790092468E0,2.500000000E0
3.440130699E2,6.503523591E1,2.544243448E1,2.795903953E0,1.330000043E0,3.381000061E2,3.790092468E0,2.500000000E0
3.450087791E2,6.503524732E1,2.544242155E1,2.546142331E0,1.389999986E0,3.352000122E2,3.790092468E0,2.500000000E0
3.460112228E2,6.503525923E1,2.544240701E1,2.464532217E0,1.519999981E0,3.347000122E2,3.790092468E0,2.500000000E0
3.470108605E2,6.503527099E1,2.544239175E1,2.580614970E0,1.460000038E0,3.341000061E2,3.790092468E0,2.500000000E0
3.480119797E2,6.503528380E1,2.544237854E1,2.375225316E0,1.620000005E0,3.382000122E2,3.790092468E0,2.500000000E0
3.490066469E2,6.503529713E1,2.544236429E1,2.459019929E0,1.590000033E0,3.367000122E2,3.790092468E0,2.500000000E0
3.500115595E2,6.503530952E1,2.544235291E1,2.830718011E0,1.399999976E0,3.357000122E2,3.790092468E0,2.500000000E0
3.510102553E2,6.503532216E1,2.544234117E1,2.905846135E0,1.580000043E0,3.361000061E2,3.790092468E0,2.500000000E0
3.519971047E2,6.503533563E1,2.544232964E1,2.981279119E0,1.539999962E0,3.373999939E2,3.790092468E0,2.500000000E0
3.529991252E2,6.503534916E1,2.544231848E1,3.046153030E0,1.629999995E0,3.367999878E2,3.790092468E0,2.500000000E0
3.540075215E2,6.503536177E1,2.544230693E1,3.273441827E0,1.389999986E0,3.390000000E2,3.790092468E0,2.500000000E0
3.550036781E2,6.503537336E1,2.544229418E1,3.302549775E0,1.450000048E0,3.391000061E2,3.790092468E0,2.500000000E0
